{"cameraMode":{"drawMode":0,"name":"Shaded","section":"Shading Mode"},"sceneLighting":true,"audioPlay":false,"sceneViewState":{"showFog":true,"showMaterialUpdate":false,"showSkybox":true,"showFlares":true,"showImageEffects":true,"showParticleSystems":true},"in2DMode":false,"pivot":{"x":1.574493408203125,"y":-20.993343353271486,"z":29.72003173828125},"rotation":{"x":0.21240590512752534,"y":0.1419166624546051,"z":-0.03119642287492752,"w":0.9663178324699402},"size":72.41577911376953,"orthographic":false}