{"cameraMode":{"drawMode":0,"name":"Shaded","section":"Shading Mode"},"sceneLighting":true,"audioPlay":false,"sceneViewState":{"showFog":true,"showMaterialUpdate":false,"showSkybox":true,"showFlares":true,"showImageEffects":true,"showParticleSystems":true},"in2DMode":false,"pivot":{"x":-23.85024642944336,"y":8.58367919921875,"z":-13.107418060302735},"rotation":{"x":0.22785921394824983,"y":-0.10752846300601959,"z":0.025325531139969827,"w":0.9674071073532105},"size":39.30632781982422,"orthographic":false}