{"cameraMode":{"drawMode":0,"name":"Shaded","section":"Shading Mode"},"sceneLighting":false,"audioPlay":false,"sceneViewState":{"showFog":true,"showMaterialUpdate":false,"showSkybox":true,"showFlares":true,"showImageEffects":true,"showParticleSystems":true},"in2DMode":false,"pivot":{"x":-43.29288864135742,"y":-19.905338287353517,"z":-8.52599811553955},"rotation":{"x":0.2728599011898041,"y":-0.5114141702651978,"z":0.1753540188074112,"w":0.7957726120948792},"size":39.30632781982422,"orthographic":false}